Trip ID,Traveller Name,Departure Date,Return Date,Departure City,Arrival City,Sport
1,Anderson Hudson,08/11/2024,13/11/2024,Barcelona,Paris,Soccer
2,Zane Osborne,13/08/2024,16/08/2024,Rome,Amsterdam,Volleyball
3,Adrianna Price,01/11/2024,10/11/2024,Paris,Munich,Basketball
4,Regan Solis,09/05/2024,23/05/2024,Barcelona,London,Volleyball
5,Charlotte Shepherd,04/09/2024,15/09/2024,Prague,Madrid,Basketball
6,Paula Hays,04/02/2024,10/02/2024,Amsterdam,Florence,Basketball
7,Aliza Mullins,07/09/2024,20/09/2024,Barcelona,Vienna,Soccer
8,Elisabeth Holland,11/01/2024,14/01/2024,Berlin,Lisbon,Soccer
9,Dante Kline,21/10/2024,03/11/2024,London,Budapest,Soccer
10,Anika Mccoy,09/06/2024,23/06/2024,Brussels,Barcelona,Volleyball
11,Simeon Mercer,04/07/2024,07/07/2024,Dublin,Rome,Soccer
12,Tessa Wilkerson,17/10/2024,25/10/2024,Madrid,Zurich,Volleyball
13,Augustus Landry,18/05/2024,31/05/2024,London,Prague,Basketball
14,Parker Robertson,04/10/2024,14/10/2024,Paris,Berlin,Basketball
15,Mohamed Owens,19/06/2024,24/06/2024,Barcelona,Amsterdam,Soccer
16,Daisy Kirk,02/04/2024,13/04/2024,Vienna,London,Basketball
17,August Mcgrath,11/08/2024,18/08/2024,Munich,Barcelona,Basketball
18,Abram Moreno,16/06/2024,29/06/2024,Milan,Dublin,Soccer
19,Danica Randolph,24/12/2024,01/01/2025,Barcelona,Paris,Volleyball
20,Jada West,05/09/2024,19/09/2024,Zurich,Barcelona,Basketball
21,Isabela Hoffman,09/11/2024,18/11/2024,London,Lisbon,Soccer
22,Violet Wade,06/01/2024,20/01/2024,Budapest,London,Soccer
23,Alec Fox,16/06/2024,19/06/2024,Florence,Barcelona,Soccer
24,Levi Todd,30/01/2024,08/02/2024,Amsterdam,Vienna,Basketball
25,Rhys Jacobs,29/04/2024,02/05/2024,Barcelona,Munich,Soccer
26,Peter Alexander,02/02/2024,09/02/2024,Prague,Barcelona,Volleyball
27,Dominik House,30/11/2024,06/12/2024,Lisbon,Berlin,Soccer
28,Larry Osborn,21/03/2024,04/04/2024,Vienna,Barcelona,Basketball
29,Trinity Mcconnell,28/04/2024,07/05/2024,London,Madrid,Volleyball
30,Aydin Whitney,21/06/2024,01/07/2024,Barcelona,Budapest,Basketball
31,Maren Kline,16/07/2024,22/07/2024,Rome,London,Soccer
32,Todd Lloyd,20/02/2024,01/03/2024,Berlin,Barcelona,Basketball
33,Craig Parrish,06/10/2024,11/10/2024,Barcelona,Prague,Volleyball
34,Miriam Sanchez,04/10/2024,13/10/2024,Paris,Milan,Basketball
35,Anabel Schneider,03/06/2024,14/06/2024,Madrid,Barcelona,Volleyball
36,Mitchell Durham,18/12/2024,28/12/2024,Dublin,Amsterdam,Soccer
37,Hazel Mathews,08/04/2024,15/04/2024,Barcelona,London,Volleyball
38,Allyson Pineda,29/12/2024,01/01/2025,Brussels,Madrid,Soccer
39,Veronica Shaw,19/08/2024,23/08/2024,Zurich,Barcelona,Basketball
40,Mariah Ellison,10/05/2024,21/05/2024,Barcelona,Lisbon,Volleyball
41,Raquel Hays,03/03/2024,06/03/2024,Budapest,Madrid,Basketball
42,Neil Foster,09/07/2024,21/07/2024,Florence,London,Soccer
43,Alaina Burke,16/03/2024,20/03/2024,Amsterdam,Barcelona,Volleyball
44,Kenyon Davies,23/09/2024,03/10/2024,Munich,Paris,Soccer
45,Fernando Savage,29/03/2024,04/04/2024,Lisbon,London,Soccer
46,Willow Andrews,23/03/2024,28/03/2024,Vienna,Barcelona,Basketball
47,Justine Schmitt,18/08/2024,25/08/2024,London,Vienna,Volleyball
48,Kristopher Arellano,10/07/2024,18/07/2024,Milan,Madrid,Volleyball
49,Carla Cain,19/02/2024,02/03/2024,Barcelona,Zurich,Volleyball
50,Savion Prince,06/11/2024,12/11/2024,Berlin,Paris,Soccer
51,Bryanna Logan,18/09/2024,27/09/2024,London,Budapest,Volleyball
52,Alexis Weber,03/04/2024,13/04/2024,Barcelona,Florence,Soccer
53,Lamar Strickland,30/01/2024,03/02/2024,Prague,London,Basketball
54,Kaylynn Webb,05/08/2024,09/08/2024,Paris,London,Soccer
55,Miles Garrett,07/01/2024,20/01/2024,Madrid,Brussels,Volleyball
56,Naomi Sherman,08/08/2024,16/08/2024,Amsterdam,Dublin,Soccer
57,Anabelle Sharp,29/07/2024,04/08/2024,Lisbon,Barcelona,Basketball
58,Arianna Sandoval,27/04/2024,30/04/2024,Vienna,London,Basketball
59,Nathen Garrett,17/03/2024,21/03/2024,London,Munich,Volleyball
60,Miracle Browning,09/11/2024,23/11/2024,Barcelona,Milan,Soccer
61,Carlos Santana,10/06/2024,13/06/2024,Brussels,Paris,Volleyball
62,Camille Delgado,02/09/2024,15/09/2024,Dublin,Barcelona,Basketball
63,Sharon Gould,28/02/2024,06/03/2024,Barcelona,Brussels,Soccer
64,Rowan Daniel,26/04/2024,30/04/2024,Zurich,Paris,Soccer
65,Carlos Pena,21/11/2024,05/12/2024,Barcelona,Dublin,Soccer
66,Lila Wyatt,06/03/2024,10/03/2024,Vienna,Milan,Volleyball
67,Daniela Donaldson,02/11/2024,16/11/2024,Milan,Barcelona,Volleyball
68,Milagros Pearson,28/07/2024,03/08/2024,Prague,Amsterdam,Volleyball
69,Myla Paul,25/11/2024,03/12/2024,Lisbon,Madrid,Basketball
70,Milo Wilkins,24/12/2024,28/12/2024,Madrid,Milan,Volleyball
71,Deven Duarte,03/07/2024,07/07/2024,London,Rome,Volleyball
72,Jaidyn Hutchinson,13/08/2024,23/08/2024,Barcelona,London,Basketball
73,Leilani Bond,05/08/2024,15/08/2024,Paris,Budapest,Soccer
74,Francis Rowland,27/12/2024,09/01/2025,Amsterdam,Barcelona,Basketball
75,Holly Stafford,13/02/2024,17/02/2024,Munich,London,Soccer
76,Layne Gomez,27/08/2024,08/09/2024,Barcelona,Prague,Basketball
77,Amina Bauer,30/12/2024,08/01/2025,Brussels,Lisbon,Soccer
78,Maddison Curtis,11/08/2024,20/08/2024,Dublin,Berlin,Soccer
79,Wyatt Travis,06/04/2024,16/04/2024,Vienna,Barcelona,Soccer
80,Dean Griffin,02/12/2024,13/12/2024,London,Vienna,Volleyball
81,Sergio Le,20/12/2024,26/12/2024,Milan,Paris,Basketball
82,Adison Nicholson,01/11/2024,05/11/2024,Madrid,Zurich,Volleyball
83,Cordell Kramer,21/06/2024,05/07/2024,Barcelona,Amsterdam,Basketball
84,Adrien Shea,26/05/2024,31/05/2024,Paris,Munich,Soccer
85,Santino Mcintosh,17/12/2024,30/12/2024,Barcelona,Lisbon,Volleyball
86,Lilian Gould,24/03/2024,29/03/2024,Budapest,London,Soccer
87,Aria Kelley,30/03/2024,04/04/2024,Florence,Barcelona,Basketball
88,Cecelia Craig,07/05/2024,21/05/2024,Amsterdam,Vienna,Volleyball
89,Jamie Bird,04/08/2024,17/08/2024,Barcelona,Munich,Volleyball
90,Geovanni Murphy,11/11/2024,23/11/2024,Prague,Barcelona,Basketball
91,Lilly Marshall,21/08/2024,26/08/2024,Lisbon,Berlin,Basketball
92,Raina Calhoun,11/08/2024,20/08/2024,Vienna,Barcelona,Volleyball
93,Nicholas Bates,21/01/2024,30/01/2024,London,Madrid,Soccer
94,Haley Spears,24/04/2024,08/05/2024,Barcelona,Budapest,Soccer
95,Nathen Contreras,25/11/2024,29/11/2024,Rome,London,Soccer
96,Nadia Ryan,25/04/2024,02/05/2024,Berlin,Barcelona,Basketball
97,Katrina Dunlap,09/10/2024,18/10/2024,Barcelona,Prague,Basketball
98,Landyn Jarvis,01/01/2024,13/01/2024,Paris,Milan,Volleyball
99,Heaven Mosley,24/02/2024,09/03/2024,Madrid,Barcelona,Basketball
100,Garrett Perez,24/03/2024,30/03/2024,Dublin,Amsterdam,Basketball
101,Fernanda Kemp,11/09/2024,16/09/2024,Barcelona,London,Basketball
102,Ada Oconnell,02/10/2024,16/10/2024,Brussels,Madrid,Volleyball
103,Phoenix Norris,29/10/2024,03/11/2024,Zurich,Barcelona,Volleyball
104,Santino Goodman,17/02/2024,02/03/2024,Barcelona,Lisbon,Basketball
105,Valeria Bailey,28/03/2024,04/04/2024,Budapest,Madrid,Basketball
106,Payton English,31/03/2024,03/04/2024,Florence,London,Volleyball
107,Gabriela Gill,24/03/2024,04/04/2024,Amsterdam,Barcelona,Volleyball
108,Joel Hoffman,24/11/2024,07/12/2024,Munich,Paris,Volleyball
109,Karina Harmon,29/10/2024,04/11/2024,Lisbon,London,Basketball
110,Leslie Rice,15/02/2024,19/02/2024,Vienna,Barcelona,Volleyball
111,Felicity Barr,13/03/2024,21/03/2024,London,Vienna,Soccer
112,Tatum Mcfarland,25/07/2024,28/07/2024,Milan,Madrid,Basketball
113,Karen Logan,18/08/2024,21/08/2024,Barcelona,Zurich,Basketball
114,Diana Perez,09/11/2024,20/11/2024,Berlin,Paris,Volleyball
115,Yusuf Santana,18/09/2024,22/09/2024,London,Budapest,Basketball
116,Baron Steele,25/07/2024,08/08/2024,Barcelona,Florence,Basketball
117,Brian Escobar,27/03/2024,07/04/2024,Prague,London,Basketball
118,Abby Cantu,02/04/2024,08/04/2024,Paris,London,Basketball
119,Vanessa Vazquez,04/12/2024,13/12/2024,Madrid,Brussels,Volleyball
120,Chace Macdonald,06/07/2024,20/07/2024,Amsterdam,Dublin,Volleyball
121,Jakobe Dennis,02/08/2024,15/08/2024,Lisbon,Barcelona,Soccer
122,Tamara Lutz,23/03/2024,02/04/2024,Vienna,London,Soccer
123,Mallory Rowland,10/12/2024,14/12/2024,London,Munich,Basketball
124,Abdullah Hunter,21/04/2024,02/05/2024,Barcelona,Milan,Basketball
125,Yair Morales,18/09/2024,23/09/2024,Brussels,Paris,Volleyball
126,Sean George,28/11/2024,09/12/2024,Dublin,Barcelona,Volleyball
127,Caitlin Summers,08/07/2024,19/07/2024,Barcelona,Brussels,Basketball
128,Kailee Rhodes,22/02/2024,03/03/2024,Zurich,Paris,Volleyball
129,Mohammad Ortiz,24/07/2024,07/08/2024,Barcelona,Dublin,Basketball
130,Diego Irwin,07/06/2024,13/06/2024,Vienna,Milan,Soccer
131,Charity Marquez,26/08/2024,09/09/2024,Milan,Barcelona,Basketball
132,Reese Baker,23/12/2024,03/01/2025,Prague,Amsterdam,Basketball
133,Kiara Reilly,26/04/2024,10/05/2024,Lisbon,Madrid,Soccer
134,Jackson Roman,29/09/2024,04/10/2024,Madrid,Milan,Volleyball
135,Katelynn Kline,28/11/2024,10/12/2024,London,Rome,Soccer
136,Landen Hickman,04/04/2024,13/04/2024,Barcelona,London,Basketball
137,Grayson Gross,14/08/2024,25/08/2024,Paris,Budapest,Basketball
138,Kianna Mcfarland,24/08/2024,02/09/2024,Amsterdam,Barcelona,Basketball
139,Marina Chapman,10/05/2024,17/05/2024,Munich,London,Soccer
140,Lewis Woodward,22/06/2024,25/06/2024,Barcelona,Prague,Volleyball
141,Claudia Steele,09/02/2024,19/02/2024,Brussels,Lisbon,Volleyball
142,Alfonso Ali,19/10/2024,22/10/2024,Dublin,Berlin,Basketball
143,Jakayla Flores,02/10/2024,11/10/2024,Vienna,Barcelona,Volleyball
144,Abagail Ford,08/09/2024,19/09/2024,London,Vienna,Basketball
145,Ariella Meza,22/10/2024,31/10/2024,Milan,Paris,Soccer
146,Kamden Lucero,18/11/2024,24/11/2024,Madrid,Zurich,Basketball
147,Hadassah Austin,07/10/2024,18/10/2024,Barcelona,Amsterdam,Soccer
148,Brycen Fry,07/08/2024,10/08/2024,Paris,Munich,Basketball
149,Jose Brewer,05/02/2024,15/02/2024,Barcelona,Lisbon,Volleyball
150,Kai Humphrey,05/03/2024,13/03/2024,Budapest,London,Soccer
151,Cynthia Baxter,08/12/2024,16/12/2024,Florence,Barcelona,Volleyball
152,Gia Wong,15/12/2024,28/12/2024,Amsterdam,Vienna,Volleyball
153,Riley Benitez,29/11/2024,03/12/2024,Barcelona,Munich,Soccer
154,Antonio Jefferson,30/10/2024,04/11/2024,Prague,Barcelona,Soccer
155,Jamison Levine,17/02/2024,23/02/2024,Lisbon,Berlin,Volleyball
156,Johnathan Burch,11/11/2024,15/11/2024,Vienna,Barcelona,Soccer
157,Killian Harrington,05/05/2024,10/05/2024,London,Munich,Volleyball
158,Tristen Castaneda,08/10/2024,21/10/2024,Barcelona,Milan,Soccer
159,Teagan Daniels,30/04/2024,13/05/2024,Brussels,Paris,Basketball
160,Atticus Lutz,05/08/2024,11/08/2024,Dublin,Barcelona,Volleyball
161,Claire Thomas,31/08/2024,12/09/2024,Barcelona,Brussels,Volleyball
162,Kaley Garcia,20/09/2024,29/09/2024,Zurich,Paris,Basketball
163,Jared Allen,13/09/2024,16/09/2024,Barcelona,Dublin,Basketball
164,Sarai Harrison,13/09/2024,24/09/2024,Vienna,Milan,Volleyball
165,Esmeralda Stein,12/05/2024,25/05/2024,Milan,Barcelona,Basketball
166,Jefferson Golden,30/01/2024,05/02/2024,Prague,Amsterdam,Soccer
167,Felipe Eaton,02/01/2024,10/01/2024,Lisbon,Madrid,Basketball
168,Jayden Jordan,02/10/2024,13/10/2024,Madrid,Milan,Soccer
169,Jaylon Nunez,30/09/2024,04/10/2024,London,Rome,Volleyball
170,Maximilian Gamble,15/06/2024,28/06/2024,Barcelona,London,Soccer
171,Juliana Parsons,07/08/2024,13/08/2024,Paris,Budapest,Soccer
172,Alijah Bullock,22/12/2024,30/12/2024,Amsterdam,Barcelona,Volleyball
173,Raven Mccullough,27/04/2024,11/05/2024,Munich,London,Soccer
174,Amy Harmon,10/07/2024,13/07/2024,Barcelona,Prague,Volleyball
175,Alondra Gordon,13/06/2024,17/06/2024,Brussels,Lisbon,Basketball
176,Donovan Norton,13/01/2024,20/01/2024,Dublin,Berlin,Basketball
177,Aliza Sheppard,02/02/2024,06/02/2024,Vienna,Barcelona,Soccer
178,Sonia Mayer,25/06/2024,29/06/2024,London,Vienna,Basketball
179,Miriam Mccormick,20/10/2024,01/11/2024,Milan,Paris,Soccer
180,Kolten Michael,12/09/2024,16/09/2024,Madrid,Zurich,Basketball
181,Giovanna Jennings,08/09/2024,22/09/2024,Barcelona,Amsterdam,Volleyball
182,Shania Mccall,20/10/2024,26/10/2024,Paris,Munich,Soccer
183,Isabela Roach,01/07/2024,07/07/2024,Barcelona,Lisbon,Soccer
184,Aubrie Mendoza,22/09/2024,29/09/2024,Budapest,London,Basketball
185,Brisa Roth,05/05/2024,19/05/2024,Florence,Barcelona,Volleyball
186,London Peck,16/02/2024,25/02/2024,Amsterdam,Vienna,Basketball
187,Anna Brandt,17/01/2024,27/01/2024,Barcelona,Munich,Soccer
188,Orlando Werner,03/05/2024,17/05/2024,Prague,Barcelona,Basketball
189,Luciana Deleon,15/04/2024,24/04/2024,Lisbon,Berlin,Volleyball
190,Kassandra Li,09/03/2024,20/03/2024,Vienna,Barcelona,Soccer
191,Chloe Sheppard,16/01/2024,22/01/2024,London,Munich,Soccer
192,Alfonso Copeland,19/10/2024,24/10/2024,Barcelona,Milan,Basketball
193,Eden Gallagher,03/08/2024,10/08/2024,Brussels,Paris,Volleyball
194,Griffin Sellers,05/05/2024,19/05/2024,Dublin,Barcelona,Basketball
195,Curtis Gardner,05/11/2024,13/11/2024,Barcelona,Brussels,Soccer
196,Mariah King,18/03/2024,21/03/2024,Zurich,Paris,Volleyball
197,Jordyn Mann,19/12/2024,31/12/2024,Barcelona,Dublin,Basketball
198,Margaret Morris,25/10/2024,30/10/2024,Vienna,Milan,Basketball
199,Liberty Ingram,08/09/2024,13/09/2024,Milan,Barcelona,Soccer
200,Autumn Hubbard,19/05/2024,24/05/2024,Prague,Amsterdam,Basketball
201,Axel Copeland,19/07/2024,30/07/2024,Lisbon,Madrid,Soccer
202,Yamilet Krueger,23/02/2024,05/03/2024,Madrid,Milan,Volleyball
203,Emiliano Serrano,27/12/2024,07/01/2025,London,Rome,Basketball
204,Deacon Roach,26/09/2024,08/10/2024,Barcelona,London,Volleyball
205,Darion Wall,07/04/2024,19/04/2024,Paris,Budapest,Basketball
206,Maci Goodwin,04/05/2024,17/05/2024,Amsterdam,Barcelona,Basketball
207,Davon Villa,15/12/2024,18/12/2024,Munich,London,Basketball
208,Jakob Cox,27/07/2024,04/08/2024,Barcelona,Prague,Volleyball
209,Rene Lamb,01/12/2024,14/12/2024,Brussels,Lisbon,Volleyball
210,Lucas Rivas,26/02/2024,11/03/2024,Dublin,Berlin,Basketball
211,Emiliano Beasley,01/02/2024,09/02/2024,Vienna,Barcelona,Soccer
212,Roy Leach,11/08/2024,14/08/2024,London,Vienna,Basketball
213,Jazmyn Levy,11/11/2024,19/11/2024,Milan,Paris,Soccer
214,Emma Pennington,25/07/2024,07/08/2024,Madrid,Zurich,Soccer
215,Justice Vargas,14/09/2024,24/09/2024,Barcelona,Amsterdam,Volleyball
216,Emmy Ellis,12/10/2024,26/10/2024,Paris,Munich,Basketball
217,Branden Burgess,14/08/2024,19/08/2024,Barcelona,Lisbon,Basketball
218,Lainey Knox,23/12/2024,30/12/2024,Budapest,London,Volleyball
219,Marie Frey,21/02/2024,03/03/2024,Florence,Barcelona,Basketball
220,Jovanny Harrison,10/03/2024,19/03/2024,Amsterdam,Vienna,Volleyball
221,Roy Ayala,25/08/2024,04/09/2024,Barcelona,Munich,Volleyball
222,Iyana Webster,04/11/2024,16/11/2024,Prague,Barcelona,Soccer
223,Anaya Butler,03/11/2024,10/11/2024,Lisbon,Berlin,Soccer
224,Kenley Carter,11/01/2024,18/01/2024,Vienna,Barcelona,Volleyball
225,Justin Nguyen,11/01/2024,21/01/2024,London,Munich,Volleyball
226,Elise Parrish,14/06/2024,18/06/2024,Barcelona,Milan,Volleyball
227,Roger Butler,07/03/2024,17/03/2024,Brussels,Paris,Basketball
228,Lyric Mckinney,28/07/2024,08/08/2024,Dublin,Barcelona,Basketball
229,Mohammad Donovan,09/09/2024,17/09/2024,Barcelona,Brussels,Volleyball
230,John Aguilar,31/05/2024,05/06/2024,Zurich,Paris,Basketball
231,Antonio Cook,02/07/2024,10/07/2024,Barcelona,Dublin,Volleyball
232,Dangelo Robles,17/10/2024,22/10/2024,Vienna,Milan,Soccer
233,Humberto Brooks,06/07/2024,13/07/2024,Milan,Barcelona,Volleyball
234,Collin Garrison,21/11/2024,27/11/2024,Prague,Amsterdam,Volleyball
235,Issac Schwartz,31/05/2024,14/06/2024,Lisbon,Madrid,Basketball
236,Alyson Zhang,20/03/2024,26/03/2024,Madrid,Milan,Soccer
237,Damari Bruce,23/06/2024,28/06/2024,London,Rome,Volleyball
238,Luis Cain,26/12/2024,02/01/2025,Barcelona,London,Basketball
239,Omari Winters,17/04/2024,20/04/2024,Paris,Budapest,Basketball
240,America Valentine,21/05/2024,02/06/2024,Amsterdam,Barcelona,Volleyball
241,Dayana Richards,29/10/2024,12/11/2024,Munich,London,Volleyball
242,Ethen Valenzuela,18/11/2024,01/12/2024,Barcelona,Prague,Volleyball
243,Ashlyn Frye,12/06/2024,18/06/2024,Brussels,Lisbon,Soccer
244,Franco Stevenson,13/02/2024,16/02/2024,Dublin,Berlin,Soccer
245,Diya Duffy,05/03/2024,10/03/2024,Vienna,Barcelona,Basketball
246,Trinity Summers,20/02/2024,04/03/2024,London,Vienna,Soccer
247,Dixie Yoder,09/04/2024,18/04/2024,Milan,Paris,Volleyball
248,Adriel Walton,27/12/2024,07/01/2025,Madrid,Zurich,Volleyball
249,Madilynn Bonilla,18/03/2024,25/03/2024,Barcelona,Amsterdam,Basketball
250,Bradley Cordova,21/04/2024,27/04/2024,Paris,Munich,Basketball
251,Elisabeth Holmes,17/07/2024,23/07/2024,Barcelona,Lisbon,Soccer
252,Hayley Hardy,20/10/2024,03/11/2024,Budapest,London,Volleyball
253,Casey Schaefer,30/10/2024,07/11/2024,Florence,Barcelona,Soccer
254,Tristin Manning,19/06/2024,24/06/2024,Amsterdam,Vienna,Volleyball
255,Elisha Glass,13/09/2024,16/09/2024,Barcelona,Munich,Volleyball
256,Khloe Hodge,01/10/2024,12/10/2024,Prague,Barcelona,Volleyball
257,Brisa Yoder,19/03/2024,30/03/2024,Lisbon,Berlin,Basketball
258,Margaret Conway,29/07/2024,11/08/2024,Vienna,Barcelona,Soccer
259,Christian Bernard,16/12/2024,20/12/2024,London,Munich,Volleyball
260,Aliyah Wells,12/09/2024,16/09/2024,Barcelona,Milan,Basketball
261,Gavin Little,25/08/2024,05/09/2024,Brussels,Paris,Volleyball
262,Zaire Zamora,23/06/2024,02/07/2024,Dublin,Barcelona,Basketball
263,Lillie Clark,06/11/2024,17/11/2024,Barcelona,Brussels,Soccer
264,Phoenix Humphrey,21/08/2024,29/08/2024,Zurich,Paris,Volleyball
265,Zariah Terrell,08/08/2024,16/08/2024,Barcelona,Dublin,Volleyball
266,Shiloh Foster,27/04/2024,09/05/2024,Vienna,Milan,Volleyball
267,Blaine Gilbert,21/10/2024,25/10/2024,Milan,Barcelona,Volleyball
268,Bria Hays,01/09/2024,05/09/2024,Prague,Amsterdam,Volleyball
269,Shaun Waters,04/12/2024,08/12/2024,Lisbon,Madrid,Volleyball
270,Rohan Navarro,31/08/2024,03/09/2024,Madrid,Milan,Soccer
271,Daniella Nguyen,19/04/2024,25/04/2024,London,Rome,Soccer
272,Andres Nguyen,26/11/2024,10/12/2024,Barcelona,London,Basketball
273,Gregory Mckinney,24/11/2024,02/12/2024,Paris,Budapest,Basketball
274,Amanda Knapp,20/12/2024,01/01/2025,Amsterdam,Barcelona,Volleyball
275,Felicity Blake,07/01/2024,18/01/2024,Munich,London,Volleyball
276,Evangeline Snow,24/09/2024,27/09/2024,Barcelona,Prague,Soccer
277,Janae Bush,21/02/2024,29/02/2024,Brussels,Lisbon,Basketball
278,Kiersten Butler,14/04/2024,26/04/2024,Dublin,Berlin,Soccer
279,Harper Roberson,27/07/2024,05/08/2024,Vienna,Barcelona,Volleyball
280,King Porter,15/05/2024,20/05/2024,London,Vienna,Basketball
281,Brittany Aguirre,13/05/2024,25/05/2024,Milan,Paris,Soccer
282,Elliott Schmitt,15/12/2024,23/12/2024,Madrid,Zurich,Basketball
283,Sierra Delgado,03/05/2024,09/05/2024,Barcelona,Amsterdam,Basketball
284,Kimora Phillips,05/04/2024,17/04/2024,Paris,Munich,Soccer
285,Ty Esparza,07/05/2024,16/05/2024,Barcelona,Lisbon,Basketball
286,Tessa Watkins,04/10/2024,17/10/2024,Budapest,London,Basketball
287,Dillan Allison,27/12/2024,07/01/2025,Florence,Barcelona,Soccer
288,Kelsie Davis,08/12/2024,18/12/2024,Amsterdam,Vienna,Soccer
289,Tucker Stephens,05/07/2024,10/07/2024,Barcelona,Munich,Basketball
290,Alessandro Good,23/07/2024,29/07/2024,Prague,Barcelona,Volleyball
291,Mylie Potter,10/06/2024,24/06/2024,Lisbon,Berlin,Basketball
292,Delaney Barnes,09/03/2024,18/03/2024,Vienna,Barcelona,Basketball
293,Roderick Beasley,19/11/2024,30/11/2024,London,Munich,Volleyball
294,Megan Bailey,18/09/2024,23/09/2024,Barcelona,Milan,Soccer
295,Kaleb Khan,17/02/2024,27/02/2024,Brussels,Paris,Basketball
296,Theodore Bass,07/12/2024,11/12/2024,Dublin,Barcelona,Soccer
297,Parker Allison,01/06/2024,10/06/2024,Barcelona,Brussels,Soccer
298,Megan Moss,17/07/2024,21/07/2024,Zurich,Paris,Soccer
299,Rachael Choi,20/07/2024,23/07/2024,Barcelona,Dublin,Volleyball
300,Cedric Rivas,07/01/2024,19/01/2024,Vienna,Milan,Soccer
301,Hudson Church,15/12/2024,23/12/2024,Milan,Barcelona,Basketball
302,Porter Woodard,12/02/2024,16/02/2024,Prague,Amsterdam,Volleyball
303,Makaila Cardenas,26/04/2024,07/05/2024,Lisbon,Madrid,Basketball
304,Amira Alexander,13/04/2024,21/04/2024,Madrid,Milan,Soccer
305,Megan Vaughan,26/06/2024,05/07/2024,London,Rome,Soccer
306,Kamren Matthews,08/02/2024,21/02/2024,Barcelona,London,Volleyball
307,Alexander Miranda,21/03/2024,04/04/2024,Paris,Budapest,Basketball
308,Zackary Wilcox,27/08/2024,31/08/2024,Amsterdam,Barcelona,Soccer
309,Francis Roberson,24/09/2024,02/10/2024,Munich,London,Volleyball
310,Raymond Goodwin,22/12/2024,30/12/2024,Barcelona,Prague,Volleyball
311,Marvin Griffith,20/11/2024,23/11/2024,Brussels,Lisbon,Volleyball
312,Braelyn Nichols,06/08/2024,13/08/2024,Dublin,Berlin,Basketball
313,Iris Conrad,18/05/2024,28/05/2024,Vienna,Barcelona,Volleyball
314,Javion Key,08/11/2024,18/11/2024,London,Vienna,Basketball
315,Raquel Francis,17/02/2024,24/02/2024,Milan,Paris,Basketball
316,Saige Nunez,16/05/2024,24/05/2024,Madrid,Zurich,Basketball
317,Abbigail Knapp,02/12/2024,06/12/2024,Barcelona,Amsterdam,Basketball
318,Esteban Brennan,22/07/2024,01/08/2024,Paris,Munich,Soccer
319,Bethany Warner,07/04/2024,16/04/2024,Barcelona,Lisbon,Soccer
320,Sullivan Dalton,14/08/2024,26/08/2024,Budapest,London,Volleyball
321,Emily Brennan,02/04/2024,16/04/2024,Florence,Barcelona,Basketball
322,Colin Carr,08/10/2024,13/10/2024,Amsterdam,Vienna,Basketball
323,Marissa Banks,08/01/2024,11/01/2024,Barcelona,Munich,Volleyball
324,Sheldon Buckley,30/05/2024,05/06/2024,Prague,Barcelona,Volleyball
325,Uriel Hayes,25/12/2024,01/01/2025,Lisbon,Berlin,Basketball
326,Livia Foster,03/03/2024,11/03/2024,Vienna,Barcelona,Basketball
327,Abdullah Bond,23/02/2024,05/03/2024,London,Munich,Basketball
328,Aniyah Fletcher,08/09/2024,16/09/2024,Barcelona,Milan,Basketball
329,Mario Bailey,03/08/2024,17/08/2024,Brussels,Paris,Volleyball
330,Annalise Pineda,22/05/2024,05/06/2024,Dublin,Barcelona,Basketball
331,Laura Nixon,01/03/2024,08/03/2024,Barcelona,Brussels,Soccer
332,Kenya Molina,09/01/2024,12/01/2024,Zurich,Paris,Volleyball
333,Eden Drake,20/06/2024,27/06/2024,Barcelona,Dublin,Basketball
334,Markus Manning,17/11/2024,30/11/2024,Vienna,Milan,Soccer
335,Jared Snyder,29/02/2024,07/03/2024,Milan,Barcelona,Soccer
336,Brett Warner,17/02/2024,02/03/2024,Prague,Amsterdam,Basketball
337,Nevaeh Vang,08/03/2024,13/03/2024,Lisbon,Madrid,Soccer
338,Aliana Norton,09/09/2024,23/09/2024,Madrid,Milan,Soccer
339,Clark Solomon,05/01/2024,17/01/2024,London,Rome,Basketball
340,Holly Brennan,02/01/2024,13/01/2024,Barcelona,London,Volleyball
341,Katie Bentley,15/02/2024,21/02/2024,Paris,Budapest,Volleyball
342,Katelynn Jenkins,14/09/2024,21/09/2024,Amsterdam,Barcelona,Basketball
343,Hassan Andrade,08/12/2024,13/12/2024,Munich,London,Volleyball
344,Brenna Pham,23/09/2024,04/10/2024,Barcelona,Prague,Basketball
345,Danna House,20/02/2024,03/03/2024,Brussels,Lisbon,Basketball
346,Carsen Snow,16/05/2024,29/05/2024,Dublin,Berlin,Soccer
347,Aaden Patterson,01/11/2024,10/11/2024,Vienna,Barcelona,Soccer
348,Elle Norris,13/12/2024,23/12/2024,London,Vienna,Volleyball
349,Grady Campos,30/09/2024,07/10/2024,Milan,Paris,Soccer
350,Angela Berger,30/03/2024,08/04/2024,Madrid,Zurich,Volleyball
351,Nathen Bean,25/05/2024,03/06/2024,Barcelona,Amsterdam,Soccer
352,Soren Humphrey,09/09/2024,19/09/2024,Paris,Munich,Basketball
353,Alison Arroyo,08/11/2024,22/11/2024,Barcelona,Lisbon,Volleyball
354,Penelope Hawkins,11/07/2024,14/07/2024,Budapest,London,Basketball
355,Trevin Greer,30/07/2024,02/08/2024,Florence,Barcelona,Volleyball
356,Milo Pope,04/11/2024,14/11/2024,Amsterdam,Vienna,Basketball
357,Ezequiel Zamora,19/12/2024,29/12/2024,Barcelona,Munich,Soccer
358,Bryan Spence,19/09/2024,22/09/2024,Prague,Barcelona,Soccer
359,Carlee Gutierrez,21/09/2024,04/10/2024,Lisbon,Berlin,Volleyball
360,Finnegan Prince,03/10/2024,14/10/2024,Vienna,Barcelona,Basketball
361,Harper Bowen,13/06/2024,23/06/2024,London,Munich,Volleyball
362,Drew Tate,06/12/2024,09/12/2024,Barcelona,Milan,Soccer
363,Karen Silva,22/03/2024,03/04/2024,Brussels,Paris,Soccer
364,Hana Huffman,06/09/2024,18/09/2024,Dublin,Barcelona,Soccer
365,Felicity Miles,14/05/2024,19/05/2024,Barcelona,Brussels,Basketball
366,Marquis Perez,05/11/2024,10/11/2024,Zurich,Paris,Soccer
367,Dereon Lang,25/04/2024,07/05/2024,Barcelona,Dublin,Soccer
368,Henry Vasquez,24/05/2024,05/06/2024,Vienna,Milan,Soccer
369,Zoe Gill,21/01/2024,03/02/2024,Madrid,Milan,Basketball
370,Trey Oneal,26/05/2024,29/05/2024,London,Rome,Basketball
371,Julissa Conrad,07/05/2024,21/05/2024,Barcelona,London,Basketball
372,Cecilia Andersen,07/04/2024,20/04/2024,Paris,Budapest,Soccer
373,Gavyn Baker,16/09/2024,25/09/2024,Amsterdam,Barcelona,Soccer
374,Cristina Torres,20/02/2024,23/02/2024,Munich,London,Basketball
375,Shyanne Logan,19/08/2024,30/08/2024,Barcelona,Prague,Volleyball
376,Corey Sosa,16/03/2024,21/03/2024,Brussels,Lisbon,Soccer
377,Jaslene Lopez,23/11/2024,05/12/2024,Dublin,Berlin,Basketball
378,Garrett Newton,20/12/2024,29/12/2024,Vienna,Barcelona,Soccer
379,Nelson Bolton,21/09/2024,26/09/2024,London,Vienna,Basketball
380,Nick Parker,01/05/2024,09/05/2024,Milan,Paris,Basketball
381,Rebekah Calderon,07/02/2024,15/02/2024,Madrid,Zurich,Basketball
382,Franklin Hancock,03/06/2024,11/06/2024,Barcelona,Amsterdam,Volleyball
383,Monica Pena,08/11/2024,19/11/2024,Paris,Munich,Volleyball
384,Asa Prince,21/12/2024,27/12/2024,Barcelona,Lisbon,Volleyball
385,Amina Mitchell,20/02/2024,23/02/2024,Budapest,London,Basketball
386,Audrina Gonzalez,26/10/2024,04/11/2024,Florence,Barcelona,Volleyball
387,Marianna Barr,03/02/2024,13/02/2024,Amsterdam,Vienna,Volleyball
388,Lexi Mccormick,27/08/2024,01/09/2024,Barcelona,Munich,Volleyball
389,Ava Padilla,28/05/2024,01/06/2024,Prague,Barcelona,Soccer
390,Marilyn Horn,06/10/2024,09/10/2024,Lisbon,Berlin,Basketball
391,Jaylin Davies,14/08/2024,27/08/2024,Vienna,Barcelona,Soccer
392,Frida Calderon,24/12/2024,05/01/2025,London,Munich,Volleyball
393,Mikaela Robinson,07/12/2024,21/12/2024,Barcelona,Milan,Volleyball
394,Judah Grimes,26/03/2024,01/04/2024,Brussels,Paris,Soccer
395,Lillie Cummings,10/07/2024,22/07/2024,Dublin,Barcelona,Soccer
396,Zoe Bowen,12/11/2024,19/11/2024,Barcelona,Brussels,Soccer
397,Dennis Stein,29/03/2024,11/04/2024,Zurich,Paris,Basketball
398,Tyler Strickland,20/01/2024,24/01/2024,Barcelona,Dublin,Soccer
399,Dillan Wells,20/05/2024,30/05/2024,Vienna,Milan,Volleyball
400,Aedan Hartman,31/07/2024,05/08/2024,Milan,Barcelona,Basketball
401,Regina Barnett,02/02/2024,10/02/2024,Lisbon,Madrid,Volleyball
402,Antwan Ortega,04/01/2024,09/01/2024,London,Rome,Basketball
403,Jakobe Monroe,10/12/2024,21/12/2024,Paris,Budapest,Volleyball
404,Kingston Bowen,03/01/2024,16/01/2024,Amsterdam,Barcelona,Soccer
405,Lillie Jones,03/05/2024,11/05/2024,Munich,London,Soccer
406,Cristina Meza,06/12/2024,10/12/2024,Barcelona,Prague,Soccer
407,Emilio Kelley,10/02/2024,14/02/2024,Brussels,Lisbon,Basketball
408,Jonathan Schaefer,06/02/2024,16/02/2024,Dublin,Berlin,Soccer
409,Aron Brandt,20/04/2024,29/04/2024,Vienna,Barcelona,Soccer
410,Mia Kerr,26/01/2024,02/02/2024,London,Vienna,Volleyball
411,Dwayne Stanley,21/09/2024,30/09/2024,Milan,Paris,Soccer
412,Isabelle Mclaughlin,24/02/2024,09/03/2024,Madrid,Zurich,Basketball
413,Helen Dyer,16/02/2024,23/02/2024,Barcelona,Amsterdam,Soccer
414,Serenity Mueller,26/10/2024,31/10/2024,Paris,Munich,Basketball
415,Connor Day,20/04/2024,01/05/2024,Barcelona,Lisbon,Volleyball
416,Deandre Sellers,01/07/2024,15/07/2024,Budapest,London,Soccer
417,Gisselle Hunt,09/12/2024,15/12/2024,Florence,Barcelona,Volleyball
418,Cali Burns,25/03/2024,28/03/2024,Amsterdam,Vienna,Basketball
419,Meredith Schneider,29/06/2024,05/07/2024,Barcelona,Munich,Soccer
420,Howard Stark,21/07/2024,29/07/2024,Prague,Barcelona,Volleyball
421,Terrell Fritz,22/10/2024,31/10/2024,Lisbon,Berlin,Soccer
422,Alani Bush,28/03/2024,10/04/2024,Vienna,Barcelona,Basketball
423,Joslyn Joseph,27/08/2024,04/09/2024,London,Munich,Soccer
424,Kylan Curry,12/07/2024,24/07/2024,Barcelona,Milan,Basketball
425,Reina Reeves,24/09/2024,27/09/2024,Brussels,Paris,Soccer
426,Emmett Potts,16/05/2024,22/05/2024,Dublin,Barcelona,Volleyball
427,Alia Griffith,05/07/2024,12/07/2024,Barcelona,Brussels,Volleyball
428,Deacon Ellis,23/03/2024,27/03/2024,Zurich,Paris,Soccer
429,Aliya Cox,22/04/2024,27/04/2024,Barcelona,Dublin,Soccer
430,Jenny York,18/09/2024,25/09/2024,Vienna,Milan,Basketball
431,Nina Blair,23/10/2024,30/10/2024,Milan,Barcelona,Volleyball
432,Alec Melton,29/02/2024,07/03/2024,Prague,Amsterdam,Soccer
433,Alani Wilkins,03/12/2024,12/12/2024,Madrid,Milan,Basketball
434,Emanuel Cortez,21/06/2024,25/06/2024,London,Rome,Basketball
435,Cristal Frank,24/03/2024,29/03/2024,Paris,Budapest,Soccer
436,Arjun Crosby,03/11/2024,10/11/2024,Amsterdam,Barcelona,Basketball
437,Arianna Fletcher,29/10/2024,01/11/2024,Barcelona,Prague,Basketball
438,Ayanna Barton,06/11/2024,11/11/2024,Brussels,Lisbon,Soccer
439,Maribel Whitehead,25/12/2024,29/12/2024,Dublin,Berlin,Soccer
440,Mara Bernard,04/08/2024,16/08/2024,Vienna,Barcelona,Basketball
441,Greta Glass,11/09/2024,22/09/2024,London,Vienna,Volleyball
442,Jaylynn Green,18/03/2024,27/03/2024,Milan,Paris,Volleyball
443,Emilee Hurley,20/12/2024,29/12/2024,Madrid,Zurich,Soccer
444,Monica Osborn,12/05/2024,15/05/2024,Barcelona,Amsterdam,Soccer
445,Titus Padilla,26/11/2024,06/12/2024,Paris,Munich,Soccer
446,Piper Hughes,14/06/2024,22/06/2024,Barcelona,Lisbon,Basketball
447,Kylee Pittman,10/06/2024,23/06/2024,Budapest,London,Basketball
448,Janiah Mcgee,06/02/2024,20/02/2024,Florence,Barcelona,Volleyball
449,Mila Hanson,11/12/2024,15/12/2024,Amsterdam,Vienna,Basketball
450,Marcus Juarez,26/02/2024,10/03/2024,Barcelona,Munich,Volleyball
451,Angel Nicholson,15/10/2024,21/10/2024,Prague,Barcelona,Basketball
452,Anika Walker,09/11/2024,14/11/2024,Lisbon,Berlin,Volleyball
453,Griffin Sharp,24/03/2024,05/04/2024,Vienna,Barcelona,Volleyball
454,Casey Kaiser,30/10/2024,05/11/2024,London,Munich,Volleyball
455,Reece Cordova,10/02/2024,22/02/2024,Barcelona,Milan,Volleyball
456,Nelson Carney,15/07/2024,20/07/2024,Brussels,Paris,Basketball
457,Elise Tyler,15/09/2024,18/09/2024,Dublin,Barcelona,Soccer
458,Yadiel Solis,07/09/2024,17/09/2024,Barcelona,Brussels,Soccer
459,Zaniyah Turner,15/12/2024,19/12/2024,Zurich,Paris,Volleyball
460,Keegan Elliott,05/05/2024,08/05/2024,Barcelona,Dublin,Volleyball
461,Austin Randolph,04/08/2024,09/08/2024,Vienna,Milan,Basketball
462,Shannon Terrell,06/07/2024,19/07/2024,Milan,Barcelona,Volleyball
463,Mallory Shelton,23/10/2024,26/10/2024,Prague,Amsterdam,Basketball
464,Wesley Esparza,05/04/2024,11/04/2024,Lisbon,Madrid,Basketball
465,Danica Arroyo,26/10/2024,02/11/2024,London,Rome,Basketball
466,Dwayne Li,23/03/2024,01/04/2024,Barcelona,London,Soccer
467,Lydia Washington,13/08/2024,27/08/2024,Paris,Budapest,Volleyball
468,Tristian Harrington,18/08/2024,26/08/2024,Munich,London,Basketball
469,Miya Moses,10/09/2024,23/09/2024,Barcelona,Prague,Volleyball
470,Cristal Atkinson,09/02/2024,17/02/2024,Brussels,Lisbon,Volleyball
471,Valentino Armstrong,10/11/2024,18/11/2024,Vienna,Barcelona,Soccer
472,Dean Dudley,25/09/2024,08/10/2024,London,Vienna,Soccer
473,Owen Perry,17/08/2024,28/08/2024,Milan,Paris,Basketball
474,Franco Norman,31/05/2024,13/06/2024,Madrid,Zurich,Soccer
475,Nicholas Blake,06/08/2024,11/08/2024,Barcelona,Amsterdam,Basketball
476,Evelin Moreno,10/07/2024,21/07/2024,Paris,Munich,Soccer
477,Mikayla Gould,07/10/2024,18/10/2024,Barcelona,Lisbon,Volleyball
478,Jamarion Good,22/01/2024,30/01/2024,Budapest,London,Basketball
479,Allie Beasley,26/01/2024,07/02/2024,Florence,Barcelona,Basketball
480,Leroy Orr,08/03/2024,20/03/2024,Amsterdam,Vienna,Basketball
481,Jaelynn Walton,18/10/2024,26/10/2024,Barcelona,Munich,Basketball
482,Chanel Barajas,23/03/2024,28/03/2024,Prague,Barcelona,Soccer
483,Osvaldo Schmitt,29/05/2024,05/06/2024,Lisbon,Berlin,Soccer
484,Maddison Arellano,05/11/2024,17/11/2024,Vienna,Barcelona,Soccer
485,Tyshawn Schneider,29/02/2024,04/03/2024,London,Munich,Basketball
486,Braylon Reese,11/06/2024,16/06/2024,Barcelona,Milan,Volleyball
487,Jaxon Wolf,17/05/2024,26/05/2024,Brussels,Paris,Soccer
488,Bo Ortiz,21/12/2024,24/12/2024,Dublin,Barcelona,Volleyball
489,Selena Waller,17/07/2024,20/07/2024,Barcelona,Brussels,Soccer
490,Gina Henry,12/04/2024,18/04/2024,Zurich,Paris,Basketball
491,Lewis Chapman,14/11/2024,28/11/2024,Barcelona,Dublin,Volleyball
492,Franklin Norton,17/02/2024,01/03/2024,Vienna,Milan,Volleyball
493,Kiara Patton,16/05/2024,24/05/2024,Milan,Barcelona,Soccer
494,Aleah Harvey,22/02/2024,26/02/2024,Prague,Amsterdam,Volleyball
495,Tamara Hatfield,07/08/2024,15/08/2024,Lisbon,Madrid,Basketball
496,Mckenzie Hickman,02/08/2024,07/08/2024,Madrid,Milan,Soccer
497,Elliot Kane,17/11/2024,30/11/2024,Barcelona,London,Soccer
498,Lilah Owen,11/10/2024,15/10/2024,Paris,Budapest,Volleyball
499,Amir Mack,18/12/2024,21/12/2024,Amsterdam,Barcelona,Soccer
500,Lewis Hart,18/12/2024,29/12/2024,Munich,London,Soccer
501,Jonathon Flynn,07/03/2024,18/03/2024,Brussels,Lisbon,Volleyball
502,Mariam Hogan,29/12/2024,01/01/2025,Dublin,Berlin,Basketball
503,Angel Hodge,12/02/2024,23/02/2024,Vienna,Barcelona,Volleyball
504,Aron Rose,06/06/2024,19/06/2024,London,Vienna,Soccer
505,Ellen Wade,23/08/2024,27/08/2024,Madrid,Zurich,Volleyball
506,Essence Ray,25/10/2024,30/10/2024,Barcelona,Amsterdam,Soccer
507,Aliana Spencer,17/10/2024,24/10/2024,Paris,Munich,Soccer
508,Wade Robinson,25/04/2024,05/05/2024,Barcelona,Lisbon,Soccer
509,America Lowe,13/11/2024,16/11/2024,Budapest,London,Soccer
510,Yazmin Benson,28/09/2024,02/10/2024,Florence,Barcelona,Volleyball
511,Sarai Mcgee,02/06/2024,10/06/2024,Amsterdam,Vienna,Soccer
512,Amiah Becker,20/10/2024,02/11/2024,Barcelona,Munich,Volleyball
513,Valerie Stuart,04/06/2024,16/06/2024,Prague,Barcelona,Basketball
514,Spencer Brady,11/01/2024,22/01/2024,Lisbon,Berlin,Soccer
515,Alyson Wilcox,28/10/2024,06/11/2024,Vienna,Barcelona,Basketball
516,Adalyn Friedman,04/05/2024,17/05/2024,London,Munich,Basketball
517,Darius Dudley,27/08/2024,05/09/2024,Barcelona,Milan,Soccer
518,Aydan Rivers,11/12/2024,25/12/2024,Brussels,Paris,Volleyball
519,Chasity Brennan,26/10/2024,06/11/2024,Dublin,Barcelona,Soccer
520,Devin Petty,27/09/2024,03/10/2024,Barcelona,Brussels,Basketball
521,Mckayla Mcgee,29/08/2024,12/09/2024,Zurich,Paris,Volleyball
522,Lainey Young,20/10/2024,28/10/2024,Barcelona,Dublin,Soccer
523,Lyric Hansen,11/09/2024,15/09/2024,Vienna,Milan,Soccer
524,Hayley Hebert,22/06/2024,01/07/2024,Milan,Barcelona,Soccer
525,Yamilet Barnett,16/11/2024,22/11/2024,Prague,Amsterdam,Basketball
526,Mohamed Pacheco,07/02/2024,15/02/2024,Lisbon,Madrid,Volleyball
527,Deacon Livingston,27/10/2024,03/11/2024,Madrid,Milan,Basketball
528,Makaila Baker,12/08/2024,15/08/2024,London,Rome,Soccer
529,Madelyn Mitchell,08/07/2024,14/07/2024,Paris,Budapest,Volleyball
530,Valentino Baxter,10/07/2024,19/07/2024,Amsterdam,Barcelona,Volleyball
531,Juliana Chang,26/04/2024,29/04/2024,Munich,London,Volleyball
532,Giuliana Noble,08/11/2024,16/11/2024,Barcelona,Prague,Soccer
533,Roman Davis,30/06/2024,11/07/2024,Brussels,Lisbon,Basketball
534,Tiara Mcknight,11/09/2024,14/09/2024,Vienna,Barcelona,Soccer
535,Joselyn Stein,29/11/2024,09/12/2024,London,Vienna,Volleyball
536,Aaron Bell,07/09/2024,12/09/2024,Milan,Paris,Soccer
537,Adalynn Cardenas,28/04/2024,12/05/2024,Madrid,Zurich,Basketball
538,Landen Cobb,25/07/2024,07/08/2024,Barcelona,Amsterdam,Volleyball
539,Timothy Galvan,05/02/2024,18/02/2024,Barcelona,Lisbon,Soccer
540,Georgia Estrada,23/04/2024,04/05/2024,Budapest,London,Soccer
541,Addison Whitaker,25/12/2024,07/01/2025,Florence,Barcelona,Basketball
542,Myles French,25/11/2024,07/12/2024,Amsterdam,Vienna,Basketball
543,Jaylan Farmer,24/09/2024,29/09/2024,Barcelona,Munich,Soccer
544,Keely Riddle,16/12/2024,26/12/2024,Prague,Barcelona,Soccer
545,Ali Morris,26/08/2024,31/08/2024,Lisbon,Berlin,Basketball
546,Isabel Perry,12/01/2024,26/01/2024,Vienna,Barcelona,Volleyball
547,Maia Fuentes,27/05/2024,08/06/2024,London,Munich,Basketball
548,Harrison Hess,15/07/2024,25/07/2024,Barcelona,Milan,Soccer
549,Renee Cannon,10/09/2024,18/09/2024,Brussels,Paris,Basketball
550,Darnell Martin,16/02/2024,28/02/2024,Dublin,Barcelona,Soccer
551,Nikhil Munoz,12/12/2024,19/12/2024,Barcelona,Brussels,Volleyball
552,Daniel Frederick,22/01/2024,01/02/2024,Zurich,Paris,Soccer
553,Valeria Manning,13/05/2024,25/05/2024,Barcelona,Dublin,Basketball
554,Penelope Tapia,08/06/2024,11/06/2024,Vienna,Milan,Basketball
555,Trenton Cobb,12/09/2024,22/09/2024,Milan,Barcelona,Soccer
556,Karla Lester,23/02/2024,28/02/2024,Prague,Amsterdam,Basketball
557,Caitlyn Lin,14/03/2024,27/03/2024,Lisbon,Madrid,Volleyball
558,Isabella Conley,22/09/2024,26/09/2024,Madrid,Milan,Soccer
559,Itzel Stokes,11/04/2024,24/04/2024,London,Rome,Soccer
560,Frances Rodgers,05/01/2024,10/01/2024,Barcelona,London,Soccer
561,Hezekiah Patrick,05/03/2024,10/03/2024,Amsterdam,Barcelona,Volleyball
562,Michael Yu,22/10/2024,01/11/2024,Munich,London,Basketball
563,Todd Maddox,25/11/2024,03/12/2024,Barcelona,Prague,Soccer
564,Ximena Randolph,15/09/2024,26/09/2024,Brussels,Lisbon,Basketball
565,Angie Rivers,20/04/2024,28/04/2024,Dublin,Berlin,Soccer
566,Serenity Baker,02/06/2024,09/06/2024,Vienna,Barcelona,Soccer
567,Camren Swanson,14/06/2024,19/06/2024,Milan,Paris,Soccer
568,Hallie Castro,05/02/2024,11/02/2024,Madrid,Zurich,Basketball
569,Libby Hayden,21/07/2024,24/07/2024,Barcelona,Amsterdam,Basketball
570,Jesse Valenzuela,10/12/2024,20/12/2024,Paris,Munich,Volleyball
571,Immanuel Conway,08/12/2024,21/12/2024,Barcelona,Lisbon,Volleyball
572,Mya Singleton,02/01/2024,08/01/2024,Budapest,London,Soccer
573,Harley Francis,02/08/2024,06/08/2024,Florence,Barcelona,Volleyball
574,Jett Higgins,17/05/2024,27/05/2024,Amsterdam,Vienna,Soccer
575,Phoenix Hartman,05/02/2024,14/02/2024,Barcelona,Munich,Basketball
576,Julianna Greer,27/02/2024,01/03/2024,Prague,Barcelona,Basketball
577,Angelica Mcmahon,13/01/2024,18/01/2024,Lisbon,Berlin,Soccer
578,Cara Clarke,16/10/2024,30/10/2024,Vienna,Barcelona,Volleyball
579,Cristina Bennett,12/07/2024,18/07/2024,London,Munich,Volleyball
580,Kristina Cain,07/02/2024,16/02/2024,Barcelona,Milan,Soccer
581,Kristian Green,26/10/2024,06/11/2024,Brussels,Paris,Volleyball
582,Salma Kidd,13/12/2024,25/12/2024,Dublin,Barcelona,Soccer
583,Dana Case,18/10/2024,27/10/2024,Barcelona,Brussels,Volleyball
584,Karli Burnett,02/02/2024,12/02/2024,Zurich,Paris,Volleyball
585,Scott Stanton,04/04/2024,17/04/2024,Barcelona,Dublin,Volleyball
586,Jaydon Pittman,28/02/2024,08/03/2024,Vienna,Milan,Basketball
587,Blaine Marshall,31/08/2024,11/09/2024,Milan,Barcelona,Soccer
588,Alexia Stark,08/12/2024,18/12/2024,Prague,Amsterdam,Volleyball
589,Bryce Bush,09/07/2024,20/07/2024,Lisbon,Madrid,Volleyball
590,Curtis Osborne,23/06/2024,05/07/2024,Madrid,Milan,Volleyball
591,Belen Charles,10/11/2024,22/11/2024,London,Rome,Basketball
592,Chanel Novak,29/04/2024,12/05/2024,Barcelona,London,Volleyball
593,Brayden Sellers,17/04/2024,21/04/2024,Paris,Budapest,Soccer
594,Lindsey Shepherd,03/04/2024,07/04/2024,Munich,London,Basketball
595,Tyrese Warren,03/05/2024,12/05/2024,Barcelona,Prague,Soccer
596,Tia Terry,13/07/2024,17/07/2024,Brussels,Lisbon,Volleyball
597,Christine Ballard,27/06/2024,11/07/2024,Dublin,Berlin,Soccer
598,Hugo Mayo,27/09/2024,07/10/2024,Vienna,Barcelona,Soccer
599,Leroy Bowman,05/07/2024,08/07/2024,London,Vienna,Basketball
600,Alisa Oliver,04/08/2024,07/08/2024,Milan,Paris,Basketball
601,Aiden Forbes,24/01/2024,30/01/2024,Barcelona,Amsterdam,Basketball
602,Alanna Monroe,05/10/2024,08/10/2024,Paris,Munich,Soccer
603,Rigoberto Austin,07/06/2024,11/06/2024,Barcelona,Lisbon,Soccer
604,Evelyn Lane,03/02/2024,07/02/2024,Budapest,London,Volleyball
605,Alexis Hernandez,26/02/2024,02/03/2024,Florence,Barcelona,Volleyball
606,Zack Vargas,23/11/2024,29/11/2024,Amsterdam,Vienna,Volleyball
607,Alejandra Vega,09/07/2024,21/07/2024,Barcelona,Munich,Soccer
608,Jakayla Joyce,20/03/2024,26/03/2024,Prague,Barcelona,Basketball
609,Trenton Richmond,15/12/2024,28/12/2024,Lisbon,Berlin,Volleyball
610,Miah Lucas,25/05/2024,02/06/2024,Vienna,Barcelona,Basketball
611,Reina Schaefer,11/12/2024,16/12/2024,London,Munich,Soccer
612,Kaelyn Flowers,04/07/2024,09/07/2024,Barcelona,Milan,Volleyball
613,Cannon Martinez,04/01/2024,12/01/2024,Brussels,Paris,Basketball
614,Andre White,01/01/2024,05/01/2024,Dublin,Barcelona,Soccer
615,Stella Kim,27/07/2024,06/08/2024,Barcelona,Brussels,Soccer
616,Tyrone Robertson,12/10/2024,22/10/2024,Zurich,Paris,Basketball
617,Hayley Wilkerson,25/11/2024,08/12/2024,Barcelona,Dublin,Soccer
618,Tyrese Bolton,07/04/2024,17/04/2024,Vienna,Milan,Volleyball
619,Litzy Bird,29/10/2024,12/11/2024,Milan,Barcelona,Volleyball
620,Corbin Vance,24/01/2024,04/02/2024,Prague,Amsterdam,Volleyball
621,Arthur Ponce,04/07/2024,12/07/2024,Lisbon,Madrid,Volleyball
622,Carlo Spencer,30/06/2024,12/07/2024,Madrid,Milan,Basketball
623,Zariah Campbell,09/10/2024,22/10/2024,London,Rome,Soccer
624,Joanna Riddle,27/11/2024,11/12/2024,Barcelona,London,Volleyball
625,Salvador Bauer,15/07/2024,19/07/2024,Paris,Budapest,Volleyball
626,Sanai Taylor,08/05/2024,18/05/2024,Amsterdam,Barcelona,Soccer
627,Dante Freeman,25/02/2024,29/02/2024,Barcelona,Prague,Basketball
628,Finnegan Anthony,27/05/2024,01/06/2024,Brussels,Lisbon,Volleyball
629,Drew Aguirre,27/02/2024,12/03/2024,Dublin,Berlin,Basketball
630,Emiliano Wiley,14/03/2024,27/03/2024,Vienna,Barcelona,Volleyball
631,Duncan Barrett,07/03/2024,18/03/2024,London,Vienna,Basketball
632,Essence Rubio,06/06/2024,19/06/2024,Milan,Paris,Soccer
633,Nicholas Waters,20/03/2024,03/04/2024,Madrid,Zurich,Basketball
634,Beckett Zuniga,24/12/2024,31/12/2024,Barcelona,Amsterdam,Volleyball
635,Brock Combs,16/06/2024,21/06/2024,Barcelona,Lisbon,Soccer
636,Colten Norris,24/12/2024,06/01/2025,Budapest,London,Soccer
637,Chris Gutierrez,24/09/2024,07/10/2024,Florence,Barcelona,Basketball
638,Lilliana Cross,15/09/2024,26/09/2024,Amsterdam,Vienna,Basketball
639,Joseph Andrade,03/04/2024,06/04/2024,Barcelona,Munich,Soccer
640,Talia Mason,26/04/2024,07/05/2024,Prague,Barcelona,Soccer
641,Ramiro Petersen,20/12/2024,01/01/2025,Lisbon,Berlin,Basketball
642,Kaitlin Summers,03/03/2024,09/03/2024,Vienna,Barcelona,Soccer
643,Romeo Robertson,20/05/2024,03/06/2024,London,Munich,Basketball
644,Rudy Miles,10/08/2024,23/08/2024,Barcelona,Milan,Volleyball
645,Tony Waters,22/10/2024,26/10/2024,Brussels,Paris,Soccer
646,Amelie Browning,29/03/2024,05/04/2024,Dublin,Barcelona,Basketball
647,Micah Rogers,09/07/2024,15/07/2024,Barcelona,Brussels,Volleyball
648,Kaylie Russell,05/01/2024,15/01/2024,Zurich,Paris,Soccer
649,Raegan York,14/09/2024,25/09/2024,Barcelona,Dublin,Volleyball
650,Sincere Johnston,11/02/2024,17/02/2024,Vienna,Milan,Basketball
651,Fatima Duncan,05/01/2024,09/01/2024,Milan,Barcelona,Basketball
652,Gillian Duncan,30/10/2024,13/11/2024,Prague,Amsterdam,Volleyball
653,Brynlee Larsen,13/01/2024,27/01/2024,Lisbon,Madrid,Volleyball
654,Camilla Hutchinson,19/05/2024,23/05/2024,Madrid,Milan,Volleyball
655,Brock Skinner,20/12/2024,30/12/2024,London,Rome,Basketball
656,Talon Friedman,03/02/2024,15/02/2024,Barcelona,London,Soccer
657,Casey Mcbride,02/04/2024,06/04/2024,Paris,Budapest,Volleyball
658,Aydin Cunningham,27/03/2024,31/03/2024,Amsterdam,Barcelona,Volleyball
659,Peyton Mcconnell,30/06/2024,10/07/2024,Munich,London,Soccer
660,Denisse Brooks,04/03/2024,15/03/2024,Brussels,Lisbon,Soccer
661,Riley Townsend,17/11/2024,27/11/2024,Dublin,Berlin,Soccer
662,Javion Andrews,02/03/2024,08/03/2024,Vienna,Barcelona,Soccer
663,Paxton Solis,04/12/2024,07/12/2024,London,Vienna,Soccer
664,Davin Daugherty,10/06/2024,22/06/2024,Milan,Paris,Basketball
665,Chaim Larsen,11/01/2024,21/01/2024,Madrid,Zurich,Soccer
666,Jasiah Wilcox,09/08/2024,20/08/2024,Barcelona,Amsterdam,Volleyball
667,Colton Hensley,30/11/2024,08/12/2024,Paris,Munich,Soccer
668,Erick Parker,29/07/2024,01/08/2024,Barcelona,Lisbon,Basketball
669,Ezekiel Kirk,01/10/2024,09/10/2024,Florence,Barcelona,Soccer
670,Carina Hubbard,07/07/2024,21/07/2024,Amsterdam,Vienna,Volleyball
671,Charles Clark,23/05/2024,01/06/2024,Barcelona,Munich,Basketball
672,Jaida Riley,24/04/2024,08/05/2024,Prague,Barcelona,Volleyball
673,Dayanara Morton,27/05/2024,06/06/2024,Lisbon,Berlin,Basketball
674,Hugh White,09/08/2024,14/08/2024,Vienna,Barcelona,Volleyball
675,Jagger Donovan,01/06/2024,07/06/2024,London,Munich,Basketball
676,Yadira Mcdowell,28/06/2024,04/07/2024,Barcelona,Milan,Soccer
677,Danny Woodard,09/09/2024,20/09/2024,Brussels,Paris,Soccer
678,Erin Oneill,21/12/2024,04/01/2025,Dublin,Barcelona,Soccer
679,Amelie Hopkins,10/02/2024,20/02/2024,Barcelona,Brussels,Soccer
680,Paula Kemp,09/12/2024,20/12/2024,Zurich,Paris,Basketball
681,Martha Grimes,10/02/2024,19/02/2024,Barcelona,Dublin,Soccer
682,Adrian Arnold,19/02/2024,04/03/2024,Vienna,Milan,Soccer
683,Marisol Cline,01/02/2024,13/02/2024,Milan,Barcelona,Volleyball
684,Laura Frazier,02/07/2024,16/07/2024,Prague,Amsterdam,Volleyball
685,Sidney Horn,07/02/2024,14/02/2024,Lisbon,Madrid,Soccer
686,Josue Sexton,26/03/2024,03/04/2024,Madrid,Milan,Volleyball
687,Brynn Mora,14/11/2024,18/11/2024,London,Rome,Volleyball
688,Raven Bradshaw,20/08/2024,23/08/2024,Barcelona,London,Volleyball
689,Leanna Pugh,14/03/2024,17/03/2024,Paris,Budapest,Soccer
690,Jaylee Haley,20/10/2024,02/11/2024,Amsterdam,Barcelona,Soccer
691,Dulce Strickland,20/02/2024,04/03/2024,Munich,London,Soccer
692,Trevor Gibson,08/06/2024,22/06/2024,Barcelona,Prague,Soccer
693,Abdiel Larson,14/03/2024,27/03/2024,Dublin,Berlin,Volleyball
694,Kadence Morrison,07/12/2024,17/12/2024,Vienna,Barcelona,Volleyball
695,Jasper Nicholson,21/10/2024,04/11/2024,London,Vienna,Soccer
696,Angelique Weber,09/07/2024,19/07/2024,Milan,Paris,Basketball
697,Nora Brewer,14/06/2024,20/06/2024,Madrid,Zurich,Soccer
698,Tiffany Ford,25/10/2024,01/11/2024,Barcelona,Amsterdam,Volleyball
699,George Hampton,19/04/2024,02/05/2024,Paris,Munich,Basketball
700,Cordell Burns,21/04/2024,25/04/2024,Barcelona,Lisbon,Soccer
701,Kyson Cain,01/02/2024,15/02/2024,Budapest,London,Soccer
702,Lexie Bowen,20/08/2024,24/08/2024,Florence,Barcelona,Soccer
703,Reyna Lopez,02/09/2024,05/09/2024,Barcelona,Munich,Basketball
704,Marissa Luna,12/04/2024,20/04/2024,Prague,Barcelona,Soccer
705,Noah Hickman,12/03/2024,16/03/2024,Lisbon,Berlin,Soccer
706,Kinley Moss,25/07/2024,05/08/2024,Vienna,Barcelona,Basketball
707,Isaias Gonzalez,24/07/2024,27/07/2024,London,Munich,Volleyball
708,Akira Kemp,22/07/2024,27/07/2024,Barcelona,Milan,Soccer
709,Cristian Sheppard,13/09/2024,23/09/2024,Brussels,Paris,Basketball
710,Kathy Bishop,22/01/2024,30/01/2024,Dublin,Barcelona,Basketball
711,Colin Poole,22/05/2024,25/05/2024,Barcelona,Brussels,Soccer
712,Gaven Hanna,18/08/2024,21/08/2024,Zurich,Paris,Volleyball
713,Elise Silva,23/12/2024,30/12/2024,Barcelona,Dublin,Soccer
714,Victor Charles,05/02/2024,09/02/2024,Vienna,Milan,Soccer
715,Daniella Mcneil,15/08/2024,25/08/2024,Milan,Barcelona,Soccer
716,Michaela Ramirez,22/06/2024,28/06/2024,Prague,Amsterdam,Volleyball
717,Muhammad Bradley,16/01/2024,28/01/2024,Lisbon,Madrid,Volleyball
718,Kasey House,08/12/2024,14/12/2024,Madrid,Milan,Volleyball
719,Baron Fritz,24/04/2024,27/04/2024,London,Rome,Volleyball
720,Davion Chase,25/05/2024,02/06/2024,Barcelona,London,Basketball
721,Caitlin Underwood,10/07/2024,13/07/2024,Paris,Budapest,Basketball
722,Jorge Franklin,01/01/2024,11/01/2024,Amsterdam,Barcelona,Volleyball
723,Atticus Travis,08/09/2024,13/09/2024,Munich,London,Soccer
724,Jerimiah Robbins,24/09/2024,07/10/2024,Barcelona,Prague,Soccer
725,Carter Villegas,19/05/2024,23/05/2024,Brussels,Lisbon,Basketball
726,Krista Mejia,24/01/2024,29/01/2024,Vienna,Barcelona,Soccer
727,Martin Jones,05/01/2024,16/01/2024,London,Vienna,Soccer
728,Andreas Wolf,16/05/2024,28/05/2024,Milan,Paris,Basketball
729,Genevieve Conner,01/12/2024,06/12/2024,Madrid,Zurich,Basketball
730,Shelby Saunders,06/05/2024,15/05/2024,Barcelona,Amsterdam,Basketball
731,Nelson Thornton,27/06/2024,04/07/2024,Paris,Munich,Basketball
732,Kendall Hendricks,20/05/2024,02/06/2024,Barcelona,Lisbon,Soccer
733,Angela Rollins,17/05/2024,20/05/2024,Budapest,London,Soccer
734,Amira Finley,02/06/2024,06/06/2024,Florence,Barcelona,Soccer
735,Easton Santana,28/07/2024,09/08/2024,Amsterdam,Vienna,Soccer
736,Tyree Navarro,01/05/2024,12/05/2024,Barcelona,Munich,Volleyball
737,Kimora Parsons,27/12/2024,09/01/2025,Lisbon,Berlin,Volleyball
738,Darian Hester,24/09/2024,01/10/2024,Vienna,Barcelona,Soccer
739,Jorge Blair,26/08/2024,05/09/2024,London,Munich,Volleyball
740,Vaughn Cooke,08/11/2024,18/11/2024,Barcelona,Milan,Basketball
741,Cadence Horne,27/04/2024,03/05/2024,Brussels,Paris,Volleyball
742,Zaid Pineda,03/06/2024,11/06/2024,Dublin,Barcelona,Soccer
743,Gage Parks,23/08/2024,03/09/2024,Barcelona,Brussels,Volleyball
744,Marques Davis,02/12/2024,09/12/2024,Zurich,Paris,Volleyball
745,Maya Thornton,30/03/2024,13/04/2024,Barcelona,Dublin,Volleyball
746,Trent Day,13/08/2024,27/08/2024,Vienna,Milan,Soccer
747,Khloe Castro,26/10/2024,02/11/2024,Milan,Barcelona,Soccer
748,Nola Jimenez,02/09/2024,06/09/2024,Prague,Amsterdam,Soccer
749,Giovanny Bradshaw,09/12/2024,20/12/2024,Lisbon,Madrid,Volleyball
750,Emerson Mann,18/09/2024,28/09/2024,Madrid,Milan,Basketball
751,Antonio Mitchell,02/10/2024,08/10/2024,London,Rome,Volleyball
752,Ryder Booth,03/04/2024,13/04/2024,Barcelona,London,Soccer
753,Lee Webster,14/12/2024,27/12/2024,Paris,Budapest,Volleyball
754,Jamir Davenport,03/06/2024,12/06/2024,Amsterdam,Barcelona,Soccer
755,Felicity Hodges,07/02/2024,10/02/2024,Munich,London,Basketball
756,Jayvon Ford,05/01/2024,17/01/2024,Barcelona,Prague,Soccer
757,Kenyon Zuniga,27/05/2024,30/05/2024,Brussels,Lisbon,Basketball
758,Gary Coffey,03/01/2024,15/01/2024,Dublin,Berlin,Volleyball
759,Angelina Herrera,23/08/2024,06/09/2024,London,Vienna,Soccer
760,Sebastian Hale,30/06/2024,14/07/2024,Milan,Paris,Volleyball
761,Samuel Hayden,10/02/2024,19/02/2024,Madrid,Zurich,Volleyball
762,Henry Wiggins,14/02/2024,17/02/2024,Barcelona,Amsterdam,Soccer
763,Cassie Browning,17/10/2024,23/10/2024,Paris,Munich,Volleyball
764,Karina Sparks,07/05/2024,20/05/2024,Barcelona,Lisbon,Soccer
765,Jean Coleman,29/07/2024,05/08/2024,Budapest,London,Volleyball
766,Bryanna Dawson,26/11/2024,29/11/2024,Florence,Barcelona,Soccer
767,Aracely Garcia,22/08/2024,26/08/2024,Amsterdam,Vienna,Volleyball
768,Genesis Fields,02/09/2024,15/09/2024,Barcelona,Munich,Basketball
769,Levi Underwood,23/06/2024,28/06/2024,Prague,Barcelona,Soccer
770,Abagail Lucas,21/04/2024,24/04/2024,Lisbon,Berlin,Basketball
771,Layne Hess,10/06/2024,16/06/2024,Vienna,Barcelona,Soccer
772,Sophie Cunningham,03/09/2024,12/09/2024,London,Munich,Soccer
773,Donald Rivera,08/08/2024,13/08/2024,Barcelona,Milan,Soccer
774,Byron Hernandez,02/10/2024,13/10/2024,Brussels,Paris,Volleyball
775,Harper Wong,12/04/2024,25/04/2024,Dublin,Barcelona,Basketball
776,Campbell Russell,15/07/2024,22/07/2024,Barcelona,Brussels,Volleyball
777,Camryn Fitzgerald,07/11/2024,13/11/2024,Zurich,Paris,Basketball
778,Rihanna Wells,25/11/2024,04/12/2024,Barcelona,Dublin,Basketball
779,Adrien Henderson,03/09/2024,07/09/2024,Vienna,Milan,Volleyball
780,Jameson Zuniga,07/03/2024,11/03/2024,Milan,Barcelona,Soccer
781,Tyrese Wilkinson,29/04/2024,07/05/2024,Prague,Amsterdam,Volleyball
782,Maren Roberson,28/11/2024,07/12/2024,Lisbon,Madrid,Basketball
783,Aimee Huang,20/09/2024,26/09/2024,Madrid,Milan,Soccer
784,Nyasia Webb,22/04/2024,06/05/2024,London,Rome,Volleyball
785,Kailee French,16/04/2024,23/04/2024,Barcelona,London,Soccer
786,Scott Henry,08/02/2024,15/02/2024,Paris,Budapest,Basketball
787,Felipe Graham,26/05/2024,01/06/2024,Amsterdam,Barcelona,Basketball
788,Ashanti Jones,13/05/2024,20/05/2024,Munich,London,Volleyball
789,Derick Beck,23/03/2024,29/03/2024,Barcelona,Prague,Soccer
790,Amaris Wolfe,10/12/2024,24/12/2024,Brussels,Lisbon,Volleyball
791,Alisha Clements,17/09/2024,22/09/2024,Dublin,Berlin,Basketball
792,Khalil Kemp,10/06/2024,17/06/2024,Vienna,Barcelona,Volleyball
793,Ariella Wilkins,02/01/2024,13/01/2024,Milan,Paris,Soccer
794,Dangelo Oconnell,24/02/2024,05/03/2024,Madrid,Zurich,Basketball
795,Giuliana Fields,04/04/2024,16/04/2024,Barcelona,Amsterdam,Volleyball
796,Aylin Johnston,28/10/2024,31/10/2024,Paris,Munich,Soccer
797,Braeden Trujillo,14/10/2024,22/10/2024,Barcelona,Lisbon,Basketball
798,Esteban Pace,27/09/2024,04/10/2024,Budapest,London,Volleyball
799,Maverick Fry,26/01/2024,01/02/2024,Florence,Barcelona,Volleyball
800,Chana Mccormick,21/11/2024,30/11/2024,Amsterdam,Vienna,Soccer
801,Belinda Camacho,03/01/2024,12/01/2024,Barcelona,Munich,Volleyball
802,Lucian Johns,09/12/2024,20/12/2024,Prague,Barcelona,Volleyball
803,Arnav Dodson,19/06/2024,26/06/2024,Lisbon,Berlin,Basketball
804,Aldo Hester,17/05/2024,29/05/2024,Vienna,Barcelona,Volleyball
805,Lilian Lynch,13/07/2024,25/07/2024,London,Munich,Basketball
806,Walter Krueger,30/06/2024,09/07/2024,Barcelona,Milan,Soccer
807,Asher Holmes,21/12/2024,27/12/2024,Brussels,Paris,Basketball
808,Paloma Pruitt,22/06/2024,25/06/2024,Dublin,Barcelona,Soccer
809,Naomi Warren,16/11/2024,22/11/2024,Barcelona,Brussels,Basketball
810,Mila Mckee,11/10/2024,21/10/2024,Zurich,Paris,Soccer
811,Arabella Hogan,31/05/2024,08/06/2024,Barcelona,Dublin,Basketball
812,Lorenzo Silva,06/03/2024,13/03/2024,Vienna,Milan,Volleyball
813,Levi Martinez,17/02/2024,20/02/2024,Milan,Barcelona,Volleyball
814,Camren Soto,07/01/2024,18/01/2024,Prague,Amsterdam,Soccer
815,Jazlyn Hess,11/07/2024,16/07/2024,Lisbon,Madrid,Soccer
816,Beckham Suarez,14/04/2024,17/04/2024,Madrid,Milan,Basketball
817,Gauge Cervantes,20/02/2024,24/02/2024,London,Rome,Soccer
818,Maddox Perry,16/08/2024,25/08/2024,Barcelona,London,Soccer
819,Jaliyah Mendez,29/08/2024,07/09/2024,Paris,Budapest,Volleyball
820,Jovani Boyle,13/12/2024,21/12/2024,Amsterdam,Barcelona,Basketball
821,Angel Blevins,10/04/2024,19/04/2024,Munich,London,Volleyball
822,Iris Oconnor,20/11/2024,23/11/2024,Barcelona,Prague,Soccer
823,Penelope Bradford,26/05/2024,08/06/2024,Brussels,Lisbon,Volleyball
824,Chloe Kaufman,16/04/2024,19/04/2024,Dublin,Berlin,Volleyball
825,Daniel Hays,19/02/2024,27/02/2024,Vienna,Barcelona,Soccer
826,Rebecca Zimmerman,21/08/2024,27/08/2024,London,Vienna,Soccer
827,Lilly Buck,16/03/2024,26/03/2024,Madrid,Zurich,Soccer
828,Lukas Schmidt,22/07/2024,02/08/2024,Barcelona,Amsterdam,Soccer
829,Emilia Kidd,19/04/2024,24/04/2024,Paris,Munich,Volleyball
830,Giuliana Woodard,09/05/2024,20/05/2024,Barcelona,Lisbon,Basketball
831,Macie Lewis,10/07/2024,18/07/2024,Budapest,London,Basketball
832,Isabela Ellison,13/07/2024,16/07/2024,Florence,Barcelona,Volleyball
833,Taryn Harrington,30/05/2024,05/06/2024,Amsterdam,Vienna,Volleyball
834,Nathalia Stokes,14/12/2024,22/12/2024,Barcelona,Munich,Soccer
835,Yadira Huffman,26/02/2024,11/03/2024,Prague,Barcelona,Basketball
836,Jack Flynn,26/06/2024,05/07/2024,Lisbon,Berlin,Soccer
837,Colt Farrell,31/08/2024,04/09/2024,Vienna,Barcelona,Volleyball
838,Jaelynn Thompson,28/01/2024,10/02/2024,London,Munich,Basketball
839,Mateo Brooks,21/01/2024,28/01/2024,Barcelona,Milan,Soccer
840,Malia Smith,05/08/2024,11/08/2024,Brussels,Paris,Soccer
841,Jamari Gilbert,14/12/2024,28/12/2024,Dublin,Barcelona,Volleyball
842,Trevon Ritter,10/12/2024,22/12/2024,Barcelona,Brussels,Soccer
843,Rohan Kelly,26/02/2024,01/03/2024,Zurich,Paris,Basketball
844,Kyan Wall,17/01/2024,25/01/2024,Barcelona,Dublin,Volleyball
845,Destiney Schneider,04/11/2024,17/11/2024,Vienna,Milan,Basketball
846,Felicity Rosales,31/12/2024,13/01/2025,Milan,Barcelona,Basketball
847,Jaliyah Riley,17/03/2024,29/03/2024,Prague,Amsterdam,Basketball
848,Jorge Fisher,30/03/2024,04/04/2024,Lisbon,Madrid,Volleyball
849,Taylor Barnes,03/11/2024,12/11/2024,Madrid,Milan,Soccer
850,Octavio Walter,25/05/2024,08/06/2024,London,Rome,Basketball
851,Kelvin Blackburn,02/04/2024,07/04/2024,Barcelona,London,Basketball
852,Jamarcus Wilkins,28/03/2024,03/04/2024,Paris,Budapest,Volleyball
853,Trace Weber,17/03/2024,22/03/2024,Amsterdam,Barcelona,Soccer
854,Owen Kerr,16/01/2024,23/01/2024,Munich,London,Basketball
855,Trinity Abbott,08/08/2024,13/08/2024,Barcelona,Prague,Volleyball
856,Justine Patterson,30/05/2024,08/06/2024,Brussels,Lisbon,Volleyball
857,Cara Steele,24/02/2024,05/03/2024,Dublin,Berlin,Basketball
858,Tristen Delacruz,22/05/2024,02/06/2024,Vienna,Barcelona,Volleyball
859,Leroy Acevedo,14/01/2024,19/01/2024,London,Vienna,Volleyball
860,London Chen,04/09/2024,09/09/2024,Milan,Paris,Volleyball
861,Alan Whitaker,05/12/2024,10/12/2024,Barcelona,Amsterdam,Volleyball
862,Cristofer Benitez,12/05/2024,22/05/2024,Paris,Munich,Volleyball
863,Natalia Valdez,22/03/2024,03/04/2024,Barcelona,Lisbon,Basketball
864,Gillian Arellano,24/11/2024,01/12/2024,Budapest,London,Soccer
865,Simon Best,10/02/2024,14/02/2024,Florence,Barcelona,Soccer
866,Braylon Salas,05/10/2024,16/10/2024,Amsterdam,Vienna,Volleyball
867,Ryker Landry,10/03/2024,15/03/2024,Barcelona,Munich,Volleyball
868,Paityn White,11/01/2024,18/01/2024,Prague,Barcelona,Soccer
869,Kendall Shaffer,03/01/2024,13/01/2024,Lisbon,Berlin,Volleyball
870,Wesley Fischer,15/05/2024,24/05/2024,Vienna,Barcelona,Soccer
871,Lara Juarez,01/03/2024,09/03/2024,London,Munich,Soccer
872,Makayla Meza,05/07/2024,18/07/2024,Barcelona,Milan,Basketball
873,Cali Yates,03/12/2024,11/12/2024,Brussels,Paris,Basketball
874,Juliet Wiggins,19/06/2024,01/07/2024,Dublin,Barcelona,Volleyball
875,Evan Brady,02/11/2024,15/11/2024,Barcelona,Brussels,Soccer
876,Hugo Whitehead,18/10/2024,26/10/2024,Zurich,Paris,Soccer
877,Quinton Evans,26/12/2024,02/01/2025,Barcelona,Dublin,Basketball
878,Amber Huff,18/10/2024,23/10/2024,Vienna,Milan,Basketball
879,Jaiden Levine,30/09/2024,03/10/2024,Milan,Barcelona,Volleyball
880,Jair Gamble,29/06/2024,05/07/2024,Prague,Amsterdam,Basketball
881,Karley Griffin,22/09/2024,28/09/2024,Lisbon,Madrid,Volleyball
882,Faith Mccann,06/04/2024,14/04/2024,Madrid,Milan,Volleyball
883,Michelle Wade,26/04/2024,04/05/2024,London,Rome,Volleyball
884,Rayne Bates,15/06/2024,26/06/2024,Barcelona,London,Basketball
885,Alvin Schmitt,28/11/2024,09/12/2024,Paris,Budapest,Basketball
886,Jaylyn Kennedy,27/05/2024,30/05/2024,Amsterdam,Barcelona,Soccer
887,Jocelynn Williams,01/09/2024,08/09/2024,Munich,London,Volleyball
888,Oliver Branch,09/06/2024,19/06/2024,Barcelona,Prague,Basketball
889,Emerson Brady,27/07/2024,07/08/2024,Brussels,Lisbon,Soccer
890,Elena Benson,10/06/2024,19/06/2024,Dublin,Berlin,Basketball
891,Diego Lynn,08/04/2024,15/04/2024,Vienna,Barcelona,Volleyball
892,Dario Hensley,28/03/2024,05/04/2024,London,Vienna,Volleyball
893,Deja Mata,22/07/2024,26/07/2024,Milan,Paris,Volleyball
894,Sean Pitts,26/03/2024,08/04/2024,Madrid,Zurich,Volleyball
895,Patricia Ortega,06/04/2024,12/04/2024,Paris,Munich,Basketball
896,Arthur Brewer,04/02/2024,09/02/2024,Barcelona,Lisbon,Soccer
897,Enrique Christian,16/06/2024,23/06/2024,Budapest,London,Basketball
898,Jesse Tapia,30/07/2024,03/08/2024,Florence,Barcelona,Soccer
899,Braylon Malone,10/02/2024,24/02/2024,Amsterdam,Vienna,Volleyball
900,Duncan Henson,10/02/2024,16/02/2024,Barcelona,Munich,Soccer
901,Damari Roy,15/02/2024,26/02/2024,Prague,Barcelona,Basketball
902,Nathan Conway,14/06/2024,24/06/2024,Lisbon,Berlin,Soccer
903,Daphne Mendez,15/02/2024,25/02/2024,Vienna,Barcelona,Basketball
904,Madisyn Patrick,11/09/2024,22/09/2024,London,Munich,Soccer
905,Bailey Cisneros,03/10/2024,11/10/2024,Barcelona,Milan,Volleyball
906,Janiya Riley,24/07/2024,02/08/2024,Brussels,Paris,Soccer
907,Saul Castillo,23/05/2024,01/06/2024,Dublin,Barcelona,Soccer
908,Maribel Brewer,17/09/2024,21/09/2024,Barcelona,Brussels,Soccer
909,Andreas Ward,07/10/2024,12/10/2024,Zurich,Paris,Volleyball
910,Claudia Pitts,17/02/2024,26/02/2024,Barcelona,Dublin,Basketball
911,Brock Bender,07/07/2024,16/07/2024,Vienna,Milan,Basketball
912,Juliana Gregory,07/10/2024,17/10/2024,Milan,Barcelona,Soccer
913,Elisabeth Cochran,26/07/2024,05/08/2024,Prague,Amsterdam,Soccer
914,Cynthia Bentley,20/04/2024,27/04/2024,Lisbon,Madrid,Basketball
915,Tobias Young,09/07/2024,20/07/2024,Madrid,Milan,Volleyball
916,Izabella Rowe,19/04/2024,23/04/2024,London,Rome,Volleyball
917,Cassandra Sims,21/09/2024,30/09/2024,Barcelona,London,Soccer
918,Jovanni Ramirez,08/08/2024,18/08/2024,Paris,Budapest,Soccer
919,Amaya Bruce,05/06/2024,10/06/2024,Amsterdam,Barcelona,Basketball
920,Destinee Ruiz,12/07/2024,23/07/2024,Munich,London,Basketball
921,Rhys Fuller,02/11/2024,10/11/2024,Barcelona,Prague,Basketball
922,Addison Cisneros,06/12/2024,20/12/2024,Brussels,Lisbon,Basketball
923,Gaven Pace,06/11/2024,20/11/2024,Dublin,Berlin,Soccer
924,Amira Collins,23/12/2024,01/01/2025,Vienna,Barcelona,Volleyball
925,Cortez Kirby,19/12/2024,27/12/2024,London,Vienna,Volleyball
926,Davon Davenport,17/03/2024,20/03/2024,Milan,Paris,Basketball
927,Serena Pena,19/03/2024,23/03/2024,Madrid,Zurich,Basketball
928,Jenna Garcia,08/05/2024,17/05/2024,Barcelona,Amsterdam,Volleyball
929,Alejandra Russell,29/04/2024,06/05/2024,Paris,Munich,Soccer
930,Reese Rivera,14/05/2024,21/05/2024,Barcelona,Lisbon,Soccer
931,Alexzander Riddle,10/03/2024,22/03/2024,Budapest,London,Volleyball
932,Gillian Khan,06/10/2024,15/10/2024,Florence,Barcelona,Volleyball
933,Isabelle Pennington,15/07/2024,19/07/2024,Amsterdam,Vienna,Volleyball
934,Meadow Duke,19/07/2024,27/07/2024,Barcelona,Munich,Soccer
935,Kole Hutchinson,02/02/2024,05/02/2024,Prague,Barcelona,Soccer
936,Paloma Hancock,11/11/2024,23/11/2024,Lisbon,Berlin,Basketball
937,Brent Mills,09/09/2024,22/09/2024,Vienna,Barcelona,Soccer
938,Uriah Powell,31/07/2024,09/08/2024,London,Munich,Soccer
939,Myles Bush,02/03/2024,11/03/2024,Barcelona,Milan,Basketball
